{
  "rtime": 2.7209270000457764,
  "utime": 1.823223,
  "stime": 0.596608,
  "cutime": 0.0,
  "cstime": 0.0,
  "minor_words": 98385124.0,
  "promoted_words": 9555653.0,
  "major_words": 10676635.0,
  "minor_collections": 119,
  "major_collections": 8,
  "compactions": 0,
  "top_heap_words": 9278464
}