{
  "rtime": 3.096508026123047,
  "utime": 2.062609,
  "stime": 0.7472570000000001,
  "cutime": 0.0,
  "cstime": 0.0,
  "minor_words": 93760574.0,
  "promoted_words": 9079331.0,
  "major_words": 12711177.0,
  "minor_collections": 116,
  "major_collections": 9,
  "compactions": 1,
  "top_heap_words": 10468352
}