{
  "rtime": 3.115123987197876,
  "utime": 2.0676900000000002,
  "stime": 0.7558050000000001,
  "cutime": 0.0,
  "cstime": 0.0,
  "minor_words": 94002229.0,
  "promoted_words": 9079530.0,
  "major_words": 12711568.0,
  "minor_collections": 117,
  "major_collections": 9,
  "compactions": 1,
  "top_heap_words": 10468352
}