{
  "rtime": 2.7035160064697266,
  "utime": 1.8181820000000002,
  "stime": 0.587014,
  "cutime": 0.0,
  "cstime": 0.0,
  "minor_words": 98127493.0,
  "promoted_words": 9554674.0,
  "major_words": 10675452.0,
  "minor_collections": 118,
  "major_collections": 8,
  "compactions": 0,
  "top_heap_words": 9278464
}