{
  "rtime": 3.0953869819641113,
  "utime": 2.062383,
  "stime": 0.746665,
  "cutime": 0.0,
  "cstime": 0.0,
  "minor_words": 93745360.0,
  "promoted_words": 9079331.0,
  "major_words": 12711165.0,
  "minor_collections": 116,
  "major_collections": 9,
  "compactions": 1,
  "top_heap_words": 10468352
}