{
  "rtime": 3.104513168334961,
  "utime": 2.066021,
  "stime": 0.751491,
  "cutime": 0.0,
  "cstime": 0.0,
  "minor_words": 93892592.0,
  "promoted_words": 9079530.0,
  "major_words": 12711481.0,
  "minor_collections": 117,
  "major_collections": 9,
  "compactions": 1,
  "top_heap_words": 10468352
}