{
  "rtime": 2.726962089538574,
  "utime": 1.8255050000000002,
  "stime": 0.600055,
  "cutime": 0.0,
  "cstime": 0.0,
  "minor_words": 98445556.0,
  "promoted_words": 9555780.0,
  "major_words": 10676810.0,
  "minor_collections": 120,
  "major_collections": 8,
  "compactions": 0,
  "top_heap_words": 9278464
}