{
  "rtime": 3.1195340156555176,
  "utime": 2.069096,
  "stime": 0.7585040000000001,
  "cutime": 0.0,
  "cstime": 0.0,
  "minor_words": 94081745.0,
  "promoted_words": 9079657.0,
  "major_words": 12711758.0,
  "minor_collections": 118,
  "major_collections": 10,
  "compactions": 1,
  "top_heap_words": 10468352
}