{
  "rtime": 2.7015609741210938,
  "utime": 1.8177310000000002,
  "stime": 0.585813,
  "cutime": 0.0,
  "cstime": 0.0,
  "minor_words": 98097229.0,
  "promoted_words": 9554674.0,
  "major_words": 10675428.0,
  "minor_collections": 118,
  "major_collections": 8,
  "compactions": 0,
  "top_heap_words": 9278464
}