{
  "rtime": 3.0917470455169678,
  "utime": 2.061519,
  "stime": 0.744196,
  "cutime": 0.0,
  "cstime": 0.0,
  "minor_words": 93692335.0,
  "promoted_words": 9079331.0,
  "major_words": 12711123.0,
  "minor_collections": 116,
  "major_collections": 9,
  "compactions": 1,
  "top_heap_words": 10468352
}