{
  "rtime": 3.1207051277160645,
  "utime": 2.069402,
  "stime": 0.75937,
  "cutime": 0.0,
  "cstime": 0.0,
  "minor_words": 94108181.0,
  "promoted_words": 9079657.0,
  "major_words": 12711779.0,
  "minor_collections": 118,
  "major_collections": 10,
  "compactions": 1,
  "top_heap_words": 10468352
}