{
  "rtime": 3.0943281650543213,
  "utime": 2.0620830000000003,
  "stime": 0.745905,
  "cutime": 0.0,
  "cstime": 0.0,
  "minor_words": 93722718.0,
  "promoted_words": 9079331.0,
  "major_words": 12711147.0,
  "minor_collections": 116,
  "major_collections": 9,
  "compactions": 1,
  "top_heap_words": 10468352
}