{
  "rtime": 3.093703031539917,
  "utime": 2.0619140000000002,
  "stime": 0.745448,
  "cutime": 0.0,
  "cstime": 0.0,
  "minor_words": 93711341.0,
  "promoted_words": 9079331.0,
  "major_words": 12711138.0,
  "minor_collections": 116,
  "major_collections": 9,
  "compactions": 1,
  "top_heap_words": 10468352
}