{
  "rtime": 3.1031131744384766,
  "utime": 2.065623,
  "stime": 0.750625,
  "cutime": 0.0,
  "cstime": 0.0,
  "minor_words": 93862519.0,
  "promoted_words": 9079530.0,
  "major_words": 12711457.0,
  "minor_collections": 117,
  "major_collections": 9,
  "compactions": 1,
  "top_heap_words": 10468352
}