{
  "rtime": 3.1200850009918213,
  "utime": 2.069236,
  "stime": 0.7589170000000001,
  "cutime": 0.0,
  "cstime": 0.0,
  "minor_words": 94093121.0,
  "promoted_words": 9079657.0,
  "major_words": 12711767.0,
  "minor_collections": 118,
  "major_collections": 10,
  "compactions": 1,
  "top_heap_words": 10468352
}