{
  "rtime": 2.727173089981079,
  "utime": 1.825547,
  "stime": 0.600216,
  "cutime": 0.0,
  "cstime": 0.0,
  "minor_words": 98449347.0,
  "promoted_words": 9555780.0,
  "major_words": 10676813.0,
  "minor_collections": 120,
  "major_collections": 8,
  "compactions": 0,
  "top_heap_words": 9278464
}