{
  "rtime": 2.72639799118042,
  "utime": 1.825386,
  "stime": 0.59965,
  "cutime": 0.0,
  "cstime": 0.0,
  "minor_words": 98434238.0,
  "promoted_words": 9555780.0,
  "major_words": 10676801.0,
  "minor_collections": 120,
  "major_collections": 8,
  "compactions": 0,
  "top_heap_words": 9278464
}