{
  "rtime": 2.7273809909820557,
  "utime": 1.825584,
  "stime": 0.600373,
  "cutime": 0.0,
  "cstime": 0.0,
  "minor_words": 98453085.0,
  "promoted_words": 9555780.0,
  "major_words": 10676816.0,
  "minor_collections": 120,
  "major_collections": 8,
  "compactions": 0,
  "top_heap_words": 9278464
}