{
  "rtime": 3.104886054992676,
  "utime": 2.0660670000000003,
  "stime": 0.751656,
  "cutime": 0.0,
  "cstime": 0.0,
  "minor_words": 93896331.0,
  "promoted_words": 9079530.0,
  "major_words": 12711484.0,
  "minor_collections": 117,
  "major_collections": 9,
  "compactions": 1,
  "top_heap_words": 10468352
}