{
  "rtime": 3.0997331142425537,
  "utime": 2.0635850000000002,
  "stime": 0.749336,
  "cutime": 0.0,
  "cstime": 0.0,
  "minor_words": 93832301.0,
  "promoted_words": 9079331.0,
  "major_words": 12711234.0,
  "minor_collections": 116,
  "major_collections": 9,
  "compactions": 1,
  "top_heap_words": 10468352
}