{
  "rtime": 3.0978221893310547,
  "utime": 2.0629720000000002,
  "stime": 0.748129,
  "cutime": 0.0,
  "cstime": 0.0,
  "minor_words": 93783276.0,
  "promoted_words": 9079331.0,
  "major_words": 12711195.0,
  "minor_collections": 116,
  "major_collections": 9,
  "compactions": 1,
  "top_heap_words": 10468352
}