{
  "rtime": 2.7097198963165283,
  "utime": 1.8210190000000002,
  "stime": 0.5898599999999999,
  "cutime": 0.0,
  "cstime": 0.0,
  "minor_words": 98195674.0,
  "promoted_words": 9555653.0,
  "major_words": 10676485.0,
  "minor_collections": 119,
  "major_collections": 8,
  "compactions": 0,
  "top_heap_words": 9278464
}