{
  "rtime": 2.706373929977417,
  "utime": 1.818749,
  "stime": 0.588948,
  "cutime": 0.0,
  "cstime": 0.0,
  "minor_words": 98176772.0,
  "promoted_words": 9554674.0,
  "major_words": 10675491.0,
  "minor_collections": 118,
  "major_collections": 8,
  "compactions": 0,
  "top_heap_words": 9278464
}