{
  "rtime": 3.1058549880981445,
  "utime": 2.0664070000000003,
  "stime": 0.752285,
  "cutime": 0.0,
  "cstime": 0.0,
  "minor_words": 93922876.0,
  "promoted_words": 9079530.0,
  "major_words": 12711505.0,
  "minor_collections": 117,
  "major_collections": 9,
  "compactions": 1,
  "top_heap_words": 10468352
}