{
  "rtime": 3.1169869899749756,
  "utime": 2.0684020000000003,
  "stime": 0.7569170000000001,
  "cutime": 0.0,
  "cstime": 0.0,
  "minor_words": 94032454.0,
  "promoted_words": 9079657.0,
  "major_words": 12711719.0,
  "minor_collections": 118,
  "major_collections": 10,
  "compactions": 1,
  "top_heap_words": 10468352
}