{
  "rtime": 3.103447198867798,
  "utime": 2.0656760000000003,
  "stime": 0.75077,
  "cutime": 0.0,
  "cstime": 0.0,
  "minor_words": 93866310.0,
  "promoted_words": 9079530.0,
  "major_words": 12711460.0,
  "minor_collections": 117,
  "major_collections": 9,
  "compactions": 1,
  "top_heap_words": 10468352
}