{
  "rtime": 3.1110150814056396,
  "utime": 2.066964,
  "stime": 0.754433,
  "cutime": 0.0,
  "cstime": 0.0,
  "minor_words": 93956993.0,
  "promoted_words": 9079530.0,
  "major_words": 12711532.0,
  "minor_collections": 117,
  "major_collections": 9,
  "compactions": 1,
  "top_heap_words": 10468352
}