{
  "rtime": 3.0956649780273438,
  "utime": 2.0624450000000003,
  "stime": 0.74688,
  "cutime": 0.0,
  "cstime": 0.0,
  "minor_words": 93749151.0,
  "promoted_words": 9079331.0,
  "major_words": 12711168.0,
  "minor_collections": 116,
  "major_collections": 9,
  "compactions": 1,
  "top_heap_words": 10468352
}