{
  "rtime": 2.705893039703369,
  "utime": 1.818683,
  "stime": 0.5887019999999999,
  "cutime": 0.0,
  "cstime": 0.0,
  "minor_words": 98169241.0,
  "promoted_words": 9554674.0,
  "major_words": 10675485.0,
  "minor_collections": 118,
  "major_collections": 8,
  "compactions": 0,
  "top_heap_words": 9278464
}