{
  "rtime": 3.1211791038513184,
  "utime": 2.0695490000000003,
  "stime": 0.759615,
  "cutime": 0.0,
  "cstime": 0.0,
  "minor_words": 94123396.0,
  "promoted_words": 9079657.0,
  "major_words": 12711791.0,
  "minor_collections": 118,
  "major_collections": 10,
  "compactions": 1,
  "top_heap_words": 10468352
}