{
  "rtime": 3.104398012161255,
  "utime": 2.065977,
  "stime": 0.75142,
  "cutime": 0.0,
  "cstime": 0.0,
  "minor_words": 93888856.0,
  "promoted_words": 9079530.0,
  "major_words": 12711478.0,
  "minor_collections": 117,
  "major_collections": 9,
  "compactions": 1,
  "top_heap_words": 10468352
}