{
  "rtime": 2.7266509532928467,
  "utime": 1.825439,
  "stime": 0.5998289999999999,
  "cutime": 0.0,
  "cstime": 0.0,
  "minor_words": 98437973.0,
  "promoted_words": 9555780.0,
  "major_words": 10676804.0,
  "minor_collections": 120,
  "major_collections": 8,
  "compactions": 0,
  "top_heap_words": 9278464
}