{
  "rtime": 3.0960609912872314,
  "utime": 2.062557,
  "stime": 0.747165,
  "cutime": 0.0,
  "cstime": 0.0,
  "minor_words": 93756783.0,
  "promoted_words": 9079331.0,
  "major_words": 12711174.0,
  "minor_collections": 116,
  "major_collections": 9,
  "compactions": 1,
  "top_heap_words": 10468352
}