{
  "rtime": 3.1095120906829834,
  "utime": 2.06656,
  "stime": 0.753769,
  "cutime": 0.0,
  "cstime": 0.0,
  "minor_words": 93930511.0,
  "promoted_words": 9079530.0,
  "major_words": 12711511.0,
  "minor_collections": 117,
  "major_collections": 9,
  "compactions": 1,
  "top_heap_words": 10468352
}