{
  "rtime": 3.120241165161133,
  "utime": 2.06928,
  "stime": 0.759028,
  "cutime": 0.0,
  "cstime": 0.0,
  "minor_words": 94096915.0,
  "promoted_words": 9079657.0,
  "major_words": 12711770.0,
  "minor_collections": 118,
  "major_collections": 10,
  "compactions": 1,
  "top_heap_words": 10468352
}