{
  "rtime": 3.0980350971221924,
  "utime": 2.063019,
  "stime": 0.748295,
  "cutime": 0.0,
  "cstime": 0.0,
  "minor_words": 93787120.0,
  "promoted_words": 9079331.0,
  "major_words": 12711198.0,
  "minor_collections": 116,
  "major_collections": 9,
  "compactions": 1,
  "top_heap_words": 10468352
}