{
  "rtime": 2.7003259658813477,
  "utime": 1.817463,
  "stime": 0.584902,
  "cutime": 0.0,
  "cstime": 0.0,
  "minor_words": 98070694.0,
  "promoted_words": 9554674.0,
  "major_words": 10675407.0,
  "minor_collections": 118,
  "major_collections": 8,
  "compactions": 0,
  "top_heap_words": 9278464
}