{
  "rtime": 3.105619192123413,
  "utime": 2.0663150000000003,
  "stime": 0.7521410000000001,
  "cutime": 0.0,
  "cstime": 0.0,
  "minor_words": 93915342.0,
  "promoted_words": 9079530.0,
  "major_words": 12711499.0,
  "minor_collections": 117,
  "major_collections": 9,
  "compactions": 1,
  "top_heap_words": 10468352
}