{
  "rtime": 3.094449996948242,
  "utime": 2.0621300000000002,
  "stime": 0.745981,
  "cutime": 0.0,
  "cstime": 0.0,
  "minor_words": 93726562.0,
  "promoted_words": 9079331.0,
  "major_words": 12711150.0,
  "minor_collections": 116,
  "major_collections": 9,
  "compactions": 1,
  "top_heap_words": 10468352
}