{
  "rtime": 3.0927581787109375,
  "utime": 2.0616950000000003,
  "stime": 0.744947,
  "cutime": 0.0,
  "cstime": 0.0,
  "minor_words": 93699865.0,
  "promoted_words": 9079331.0,
  "major_words": 12711129.0,
  "minor_collections": 116,
  "major_collections": 9,
  "compactions": 1,
  "top_heap_words": 10468352
}