{
  "rtime": 3.120551109313965,
  "utime": 2.069363,
  "stime": 0.759255,
  "cutime": 0.0,
  "cstime": 0.0,
  "minor_words": 94104442.0,
  "promoted_words": 9079657.0,
  "major_words": 12711776.0,
  "minor_collections": 118,
  "major_collections": 10,
  "compactions": 1,
  "top_heap_words": 10468352
}