{
  "rtime": 3.114880084991455,
  "utime": 2.067591,
  "stime": 0.755659,
  "cutime": 0.0,
  "cstime": 0.0,
  "minor_words": 93994754.0,
  "promoted_words": 9079530.0,
  "major_words": 12711562.0,
  "minor_collections": 117,
  "major_collections": 9,
  "compactions": 1,
  "top_heap_words": 10468352
}