{
  "rtime": 3.1210310459136963,
  "utime": 2.0694920000000003,
  "stime": 0.7595230000000001,
  "cutime": 0.0,
  "cstime": 0.0,
  "minor_words": 94115760.0,
  "promoted_words": 9079657.0,
  "major_words": 12711785.0,
  "minor_collections": 118,
  "major_collections": 10,
  "compactions": 1,
  "top_heap_words": 10468352
}