{
  "rtime": 3.115697145462036,
  "utime": 2.067839,
  "stime": 0.756228,
  "cutime": 0.0,
  "cstime": 0.0,
  "minor_words": 94013604.0,
  "promoted_words": 9079530.0,
  "major_words": 12711577.0,
  "minor_collections": 117,
  "major_collections": 9,
  "compactions": 1,
  "top_heap_words": 10468352
}