{
  "rtime": 3.113737106323242,
  "utime": 2.067206,
  "stime": 0.755018,
  "cutime": 0.0,
  "cstime": 0.0,
  "minor_words": 93968366.0,
  "promoted_words": 9079530.0,
  "major_words": 12711541.0,
  "minor_collections": 117,
  "major_collections": 9,
  "compactions": 1,
  "top_heap_words": 10468352
}