{
  "rtime": 3.105285167694092,
  "utime": 2.0662230000000004,
  "stime": 0.751899,
  "cutime": 0.0,
  "cstime": 0.0,
  "minor_words": 93907758.0,
  "promoted_words": 9079530.0,
  "major_words": 12711493.0,
  "minor_collections": 117,
  "major_collections": 9,
  "compactions": 1,
  "top_heap_words": 10468352
}