{
  "rtime": 2.7267959117889404,
  "utime": 1.825474,
  "stime": 0.599938,
  "cutime": 0.0,
  "cstime": 0.0,
  "minor_words": 98441766.0,
  "promoted_words": 9555780.0,
  "major_words": 10676807.0,
  "minor_collections": 120,
  "major_collections": 8,
  "compactions": 0,
  "top_heap_words": 9278464
}