{
  "rtime": 3.0940940380096436,
  "utime": 2.062025,
  "stime": 0.745729,
  "cutime": 0.0,
  "cstime": 0.0,
  "minor_words": 93718927.0,
  "promoted_words": 9079331.0,
  "major_words": 12711144.0,
  "minor_collections": 116,
  "major_collections": 9,
  "compactions": 1,
  "top_heap_words": 10468352
}