{
  "rtime": 3.102863073348999,
  "utime": 2.065544,
  "stime": 0.750471,
  "cutime": 0.0,
  "cstime": 0.0,
  "minor_words": 93855041.0,
  "promoted_words": 9079530.0,
  "major_words": 12711451.0,
  "minor_collections": 117,
  "major_collections": 9,
  "compactions": 1,
  "top_heap_words": 10468352
}