{
  "rtime": 3.0950000286102295,
  "utime": 2.062274,
  "stime": 0.746387,
  "cutime": 0.0,
  "cstime": 0.0,
  "minor_words": 93737830.0,
  "promoted_words": 9079331.0,
  "major_words": 12711159.0,
  "minor_collections": 116,
  "major_collections": 9,
  "compactions": 1,
  "top_heap_words": 10468352
}