{
  "rtime": 2.701841115951538,
  "utime": 1.8178070000000002,
  "stime": 0.586012,
  "cutime": 0.0,
  "cstime": 0.0,
  "minor_words": 98104810.0,
  "promoted_words": 9554674.0,
  "major_words": 10675434.0,
  "minor_collections": 118,
  "major_collections": 8,
  "compactions": 0,
  "top_heap_words": 9278464
}