{
  "rtime": 3.1125500202178955,
  "utime": 2.067103,
  "stime": 0.754719,
  "cutime": 0.0,
  "cstime": 0.0,
  "minor_words": 93964575.0,
  "promoted_words": 9079530.0,
  "major_words": 12711538.0,
  "minor_collections": 117,
  "major_collections": 9,
  "compactions": 1,
  "top_heap_words": 10468352
}