{
  "rtime": 3.114272117614746,
  "utime": 2.067391,
  "stime": 0.7553260000000001,
  "cutime": 0.0,
  "cstime": 0.0,
  "minor_words": 93979635.0,
  "promoted_words": 9079530.0,
  "major_words": 12711550.0,
  "minor_collections": 117,
  "major_collections": 9,
  "compactions": 1,
  "top_heap_words": 10468352
}