{
  "rtime": 3.1152331829071045,
  "utime": 2.067737,
  "stime": 0.7558670000000001,
  "cutime": 0.0,
  "cstime": 0.0,
  "minor_words": 94006022.0,
  "promoted_words": 9079530.0,
  "major_words": 12711571.0,
  "minor_collections": 117,
  "major_collections": 9,
  "compactions": 1,
  "top_heap_words": 10468352
}