{
  "rtime": 3.1190412044525146,
  "utime": 2.0689800000000003,
  "stime": 0.758305,
  "cutime": 0.0,
  "cstime": 0.0,
  "minor_words": 94074109.0,
  "promoted_words": 9079657.0,
  "major_words": 12711752.0,
  "minor_collections": 118,
  "major_collections": 10,
  "compactions": 1,
  "top_heap_words": 10468352
}