{
  "rtime": 2.7262051105499268,
  "utime": 1.825349,
  "stime": 0.599505,
  "cutime": 0.0,
  "cstime": 0.0,
  "minor_words": 98430448.0,
  "promoted_words": 9555780.0,
  "major_words": 10676798.0,
  "minor_collections": 120,
  "major_collections": 8,
  "compactions": 0,
  "top_heap_words": 9278464
}