{
  "rtime": 3.1197621822357178,
  "utime": 2.069147,
  "stime": 0.758681,
  "cutime": 0.0,
  "cstime": 0.0,
  "minor_words": 94085539.0,
  "promoted_words": 9079657.0,
  "major_words": 12711761.0,
  "minor_collections": 118,
  "major_collections": 10,
  "compactions": 1,
  "top_heap_words": 10468352
}