{
  "rtime": 3.1184990406036377,
  "utime": 2.068817,
  "stime": 0.757953,
  "cutime": 0.0,
  "cstime": 0.0,
  "minor_words": 94062735.0,
  "promoted_words": 9079657.0,
  "major_words": 12711743.0,
  "minor_collections": 118,
  "major_collections": 10,
  "compactions": 1,
  "top_heap_words": 10468352
}