{
  "rtime": 3.103609085083008,
  "utime": 2.065742,
  "stime": 0.7508670000000001,
  "cutime": 0.0,
  "cstime": 0.0,
  "minor_words": 93870099.0,
  "promoted_words": 9079530.0,
  "major_words": 12711463.0,
  "minor_collections": 117,
  "major_collections": 9,
  "compactions": 1,
  "top_heap_words": 10468352
}