{
  "rtime": 2.725537061691284,
  "utime": 1.825215,
  "stime": 0.599008,
  "cutime": 0.0,
  "cstime": 0.0,
  "minor_words": 98419130.0,
  "promoted_words": 9555780.0,
  "major_words": 10676789.0,
  "minor_collections": 120,
  "major_collections": 8,
  "compactions": 0,
  "top_heap_words": 9278464
}