{
  "rtime": 3.116046190261841,
  "utime": 2.0679380000000003,
  "stime": 0.756478,
  "cutime": 0.0,
  "cstime": 0.0,
  "minor_words": 94021134.0,
  "promoted_words": 9079530.0,
  "major_words": 12711583.0,
  "minor_collections": 117,
  "major_collections": 9,
  "compactions": 1,
  "top_heap_words": 10468352
}