{
  "rtime": 3.114394187927246,
  "utime": 2.067437,
  "stime": 0.755401,
  "cutime": 0.0,
  "cstime": 0.0,
  "minor_words": 93983377.0,
  "promoted_words": 9079530.0,
  "major_words": 12711553.0,
  "minor_collections": 117,
  "major_collections": 9,
  "compactions": 1,
  "top_heap_words": 10468352
}