{
  "rtime": 3.103011131286621,
  "utime": 2.065582,
  "stime": 0.750564,
  "cutime": 0.0,
  "cstime": 0.0,
  "minor_words": 93858780.0,
  "promoted_words": 9079530.0,
  "major_words": 12711454.0,
  "minor_collections": 117,
  "major_collections": 9,
  "compactions": 1,
  "top_heap_words": 10468352
}