{
  "rtime": 3.0977180004119873,
  "utime": 2.062929,
  "stime": 0.7480680000000001,
  "cutime": 0.0,
  "cstime": 0.0,
  "minor_words": 93779482.0,
  "promoted_words": 9079331.0,
  "major_words": 12711192.0,
  "minor_collections": 116,
  "major_collections": 9,
  "compactions": 1,
  "top_heap_words": 10468352
}