{
  "rtime": 3.1209189891815186,
  "utime": 2.069453,
  "stime": 0.759452,
  "cutime": 0.0,
  "cstime": 0.0,
  "minor_words": 94111969.0,
  "promoted_words": 9079657.0,
  "major_words": 12711782.0,
  "minor_collections": 118,
  "major_collections": 10,
  "compactions": 1,
  "top_heap_words": 10468352
}