{
  "rtime": 3.089308977127075,
  "utime": 2.060807,
  "stime": 0.742652,
  "cutime": 0.0,
  "cstime": 0.0,
  "minor_words": 93673381.0,
  "promoted_words": 9079331.0,
  "major_words": 12711108.0,
  "minor_collections": 116,
  "major_collections": 9,
  "compactions": 1,
  "top_heap_words": 10468352
}