{
  "rtime": 3.1171720027923584,
  "utime": 2.068455,
  "stime": 0.757049,
  "cutime": 0.0,
  "cstime": 0.0,
  "minor_words": 94036301.0,
  "promoted_words": 9079657.0,
  "major_words": 12711722.0,
  "minor_collections": 118,
  "major_collections": 10,
  "compactions": 1,
  "top_heap_words": 10468352
}