{
  "rtime": 3.09466814994812,
  "utime": 2.06218,
  "stime": 0.746148,
  "cutime": 0.0,
  "cstime": 0.0,
  "minor_words": 93730352.0,
  "promoted_words": 9079331.0,
  "major_words": 12711153.0,
  "minor_collections": 116,
  "major_collections": 9,
  "compactions": 1,
  "top_heap_words": 10468352
}