{
  "rtime": 3.1026930809020996,
  "utime": 2.065487,
  "stime": 0.75037,
  "cutime": 0.0,
  "cstime": 0.0,
  "minor_words": 93851255.0,
  "promoted_words": 9079530.0,
  "major_words": 12711448.0,
  "minor_collections": 117,
  "major_collections": 9,
  "compactions": 1,
  "top_heap_words": 10468352
}