{
  "rtime": 3.0993871688842773,
  "utime": 2.0634930000000002,
  "stime": 0.7490830000000001,
  "cutime": 0.0,
  "cstime": 0.0,
  "minor_words": 93824715.0,
  "promoted_words": 9079331.0,
  "major_words": 12711228.0,
  "minor_collections": 116,
  "major_collections": 9,
  "compactions": 1,
  "top_heap_words": 10468352
}