{
  "rtime": 3.098961114883423,
  "utime": 2.063361,
  "stime": 0.748789,
  "cutime": 0.0,
  "cstime": 0.0,
  "minor_words": 93813498.0,
  "promoted_words": 9079331.0,
  "major_words": 12711219.0,
  "minor_collections": 116,
  "major_collections": 9,
  "compactions": 1,
  "top_heap_words": 10468352
}