{
  "rtime": 3.0974621772766113,
  "utime": 2.062835,
  "stime": 0.747906,
  "cutime": 0.0,
  "cstime": 0.0,
  "minor_words": 93771900.0,
  "promoted_words": 9079331.0,
  "major_words": 12711186.0,
  "minor_collections": 116,
  "major_collections": 9,
  "compactions": 1,
  "top_heap_words": 10468352
}