{
  "rtime": 2.699544906616211,
  "utime": 1.817301,
  "stime": 0.58436,
  "cutime": 0.0,
  "cstime": 0.0,
  "minor_words": 98055592.0,
  "promoted_words": 9554674.0,
  "major_words": 10675395.0,
  "minor_collections": 118,
  "major_collections": 8,
  "compactions": 0,
  "top_heap_words": 9278464
}