{
  "rtime": 3.1220221519470215,
  "utime": 2.069719,
  "stime": 0.7601,
  "cutime": 0.0,
  "cstime": 0.0,
  "minor_words": 94138563.0,
  "promoted_words": 9079657.0,
  "major_words": 12711803.0,
  "minor_collections": 118,
  "major_collections": 10,
  "compactions": 1,
  "top_heap_words": 10468352
}