{
  "rtime": 2.7095110416412354,
  "utime": 1.820976,
  "stime": 0.589695,
  "cutime": 0.0,
  "cstime": 0.0,
  "minor_words": 98191884.0,
  "promoted_words": 9555653.0,
  "major_words": 10676482.0,
  "minor_collections": 119,
  "major_collections": 8,
  "compactions": 0,
  "top_heap_words": 9278464
}