{
  "rtime": 3.1183700561523438,
  "utime": 2.068769,
  "stime": 0.757873,
  "cutime": 0.0,
  "cstime": 0.0,
  "minor_words": 94058944.0,
  "promoted_words": 9079657.0,
  "major_words": 12711740.0,
  "minor_collections": 118,
  "major_collections": 10,
  "compactions": 1,
  "top_heap_words": 10468352
}