{
  "rtime": 3.121486186981201,
  "utime": 2.069607,
  "stime": 0.7598590000000001,
  "cutime": 0.0,
  "cstime": 0.0,
  "minor_words": 94131031.0,
  "promoted_words": 9079657.0,
  "major_words": 12711797.0,
  "minor_collections": 118,
  "major_collections": 10,
  "compactions": 1,
  "top_heap_words": 10468352
}