{
  "rtime": 3.104077100753784,
  "utime": 2.065882,
  "stime": 0.7511950000000001,
  "cutime": 0.0,
  "cstime": 0.0,
  "minor_words": 93881319.0,
  "promoted_words": 9079530.0,
  "major_words": 12711472.0,
  "minor_collections": 117,
  "major_collections": 9,
  "compactions": 1,
  "top_heap_words": 10468352
}