{
  "rtime": 3.099567174911499,
  "utime": 2.063542,
  "stime": 0.749213,
  "cutime": 0.0,
  "cstime": 0.0,
  "minor_words": 93828562.0,
  "promoted_words": 9079331.0,
  "major_words": 12711231.0,
  "minor_collections": 116,
  "major_collections": 9,
  "compactions": 1,
  "top_heap_words": 10468352
}