{
  "rtime": 3.0933890342712402,
  "utime": 2.0617940000000003,
  "stime": 0.745256,
  "cutime": 0.0,
  "cstime": 0.0,
  "minor_words": 93703709.0,
  "promoted_words": 9079331.0,
  "major_words": 12711132.0,
  "minor_collections": 116,
  "major_collections": 9,
  "compactions": 1,
  "top_heap_words": 10468352
}