{
  "rtime": 3.0913591384887695,
  "utime": 2.0613870000000003,
  "stime": 0.74394,
  "cutime": 0.0,
  "cstime": 0.0,
  "minor_words": 93684755.0,
  "promoted_words": 9079331.0,
  "major_words": 12711117.0,
  "minor_collections": 116,
  "major_collections": 9,
  "compactions": 1,
  "top_heap_words": 10468352
}