{
  "rtime": 3.10396409034729,
  "utime": 2.065839,
  "stime": 0.751124,
  "cutime": 0.0,
  "cstime": 0.0,
  "minor_words": 93877580.0,
  "promoted_words": 9079530.0,
  "major_words": 12711469.0,
  "minor_collections": 117,
  "major_collections": 9,
  "compactions": 1,
  "top_heap_words": 10468352
}