{
  "rtime": 3.0987300872802734,
  "utime": 2.063269,
  "stime": 0.74865,
  "cutime": 0.0,
  "cstime": 0.0,
  "minor_words": 93805919.0,
  "promoted_words": 9079331.0,
  "major_words": 12711213.0,
  "minor_collections": 116,
  "major_collections": 9,
  "compactions": 1,
  "top_heap_words": 10468352
}