{
  "rtime": 3.0988481044769287,
  "utime": 2.063314,
  "stime": 0.748723,
  "cutime": 0.0,
  "cstime": 0.0,
  "minor_words": 93809707.0,
  "promoted_words": 9079331.0,
  "major_words": 12711216.0,
  "minor_collections": 116,
  "major_collections": 9,
  "compactions": 1,
  "top_heap_words": 10468352
}