{
  "rtime": 2.6987900733947754,
  "utime": 1.8171560000000002,
  "stime": 0.5839259999999999,
  "cutime": 0.0,
  "cstime": 0.0,
  "minor_words": 98044168.0,
  "promoted_words": 9554674.0,
  "major_words": 10675386.0,
  "minor_collections": 118,
  "major_collections": 8,
  "compactions": 0,
  "top_heap_words": 9278464
}