{
  "rtime": 3.0898990631103516,
  "utime": 2.0610340000000003,
  "stime": 0.743005,
  "cutime": 0.0,
  "cstime": 0.0,
  "minor_words": 93677120.0,
  "promoted_words": 9079331.0,
  "major_words": 12711111.0,
  "minor_collections": 116,
  "major_collections": 9,
  "compactions": 1,
  "top_heap_words": 10468352
}