{
  "rtime": 3.103731155395508,
  "utime": 2.065788,
  "stime": 0.750942,
  "cutime": 0.0,
  "cstime": 0.0,
  "minor_words": 93873841.0,
  "promoted_words": 9079530.0,
  "major_words": 12711466.0,
  "minor_collections": 117,
  "major_collections": 9,
  "compactions": 1,
  "top_heap_words": 10468352
}