{
  "rtime": 3.116690158843994,
  "utime": 2.06834,
  "stime": 0.756683,
  "cutime": 0.0,
  "cstime": 0.0,
  "minor_words": 94028718.0,
  "promoted_words": 9079657.0,
  "major_words": 12711716.0,
  "minor_collections": 118,
  "major_collections": 10,
  "compactions": 1,
  "top_heap_words": 10468352
}