{
  "rtime": 3.099069118499756,
  "utime": 2.063405,
  "stime": 0.748852,
  "cutime": 0.0,
  "cstime": 0.0,
  "minor_words": 93817237.0,
  "promoted_words": 9079331.0,
  "major_words": 12711222.0,
  "minor_collections": 116,
  "major_collections": 9,
  "compactions": 1,
  "top_heap_words": 10468352
}