{
  "rtime": 3.105403184890747,
  "utime": 2.0662670000000003,
  "stime": 0.751973,
  "cutime": 0.0,
  "cstime": 0.0,
  "minor_words": 93911550.0,
  "promoted_words": 9079530.0,
  "major_words": 12711496.0,
  "minor_collections": 117,
  "major_collections": 9,
  "compactions": 1,
  "top_heap_words": 10468352
}