{
  "rtime": 3.098144054412842,
  "utime": 2.063062,
  "stime": 0.74836,
  "cutime": 0.0,
  "cstime": 0.0,
  "minor_words": 93790911.0,
  "promoted_words": 9079331.0,
  "major_words": 12711201.0,
  "minor_collections": 116,
  "major_collections": 9,
  "compactions": 1,
  "top_heap_words": 10468352
}