{
  "rtime": 2.7216811180114746,
  "utime": 1.823362,
  "stime": 0.597148,
  "cutime": 0.0,
  "cstime": 0.0,
  "minor_words": 98388914.0,
  "promoted_words": 9555653.0,
  "major_words": 10676638.0,
  "minor_collections": 119,
  "major_collections": 8,
  "compactions": 0,
  "top_heap_words": 9278464
}