{
  "rtime": 3.101644992828369,
  "utime": 2.065239,
  "stime": 0.74957,
  "cutime": 0.0,
  "cstime": 0.0,
  "minor_words": 93836145.0,
  "promoted_words": 9079530.0,
  "major_words": 12711436.0,
  "minor_collections": 117,
  "major_collections": 9,
  "compactions": 1,
  "top_heap_words": 10468352
}