{
  "rtime": 3.092203140258789,
  "utime": 2.061602,
  "stime": 0.744548,
  "cutime": 0.0,
  "cstime": 0.0,
  "minor_words": 93696126.0,
  "promoted_words": 9079331.0,
  "major_words": 12711126.0,
  "minor_collections": 116,
  "major_collections": 9,
  "compactions": 1,
  "top_heap_words": 10468352
}