{
  "rtime": 3.1098711490631104,
  "utime": 2.066644,
  "stime": 0.753923,
  "cutime": 0.0,
  "cstime": 0.0,
  "minor_words": 93934299.0,
  "promoted_words": 9079530.0,
  "major_words": 12711514.0,
  "minor_collections": 117,
  "major_collections": 9,
  "compactions": 1,
  "top_heap_words": 10468352
}