{
  "rtime": 3.1022331714630127,
  "utime": 2.065378,
  "stime": 0.750019,
  "cutime": 0.0,
  "cstime": 0.0,
  "minor_words": 93843673.0,
  "promoted_words": 9079530.0,
  "major_words": 12711442.0,
  "minor_collections": 117,
  "major_collections": 9,
  "compactions": 1,
  "top_heap_words": 10468352
}