{
  "rtime": 2.72832989692688,
  "utime": 1.825782,
  "stime": 0.601067,
  "cutime": 0.0,
  "cstime": 0.0,
  "minor_words": 98471827.0,
  "promoted_words": 9555780.0,
  "major_words": 10676831.0,
  "minor_collections": 120,
  "major_collections": 8,
  "compactions": 0,
  "top_heap_words": 9278464
}