{
  "rtime": 3.1051740646362305,
  "utime": 2.0661780000000003,
  "stime": 0.751833,
  "cutime": 0.0,
  "cstime": 0.0,
  "minor_words": 93903914.0,
  "promoted_words": 9079530.0,
  "major_words": 12711490.0,
  "minor_collections": 117,
  "major_collections": 9,
  "compactions": 1,
  "top_heap_words": 10468352
}