{
  "rtime": 3.1213321685791016,
  "utime": 2.069579,
  "stime": 0.759738,
  "cutime": 0.0,
  "cstime": 0.0,
  "minor_words": 94127240.0,
  "promoted_words": 9079657.0,
  "major_words": 12711794.0,
  "minor_collections": 118,
  "major_collections": 10,
  "compactions": 1,
  "top_heap_words": 10468352
}