{
  "rtime": 3.1176400184631348,
  "utime": 2.0685640000000003,
  "stime": 0.757408,
  "cutime": 0.0,
  "cstime": 0.0,
  "minor_words": 94043883.0,
  "promoted_words": 9079657.0,
  "major_words": 12711728.0,
  "minor_collections": 118,
  "major_collections": 10,
  "compactions": 1,
  "top_heap_words": 10468352
}