{
  "rtime": 3.0975770950317383,
  "utime": 2.062879,
  "stime": 0.747977,
  "cutime": 0.0,
  "cstime": 0.0,
  "minor_words": 93775691.0,
  "promoted_words": 9079331.0,
  "major_words": 12711189.0,
  "minor_collections": 116,
  "major_collections": 9,
  "compactions": 1,
  "top_heap_words": 10468352
}