{
  "rtime": 2.7113380432128906,
  "utime": 1.821374,
  "stime": 0.590883,
  "cutime": 0.0,
  "cstime": 0.0,
  "minor_words": 98241313.0,
  "promoted_words": 9555653.0,
  "major_words": 10676521.0,
  "minor_collections": 119,
  "major_collections": 8,
  "compactions": 0,
  "top_heap_words": 9278464
}