{
  "rtime": 3.098245143890381,
  "utime": 2.063105,
  "stime": 0.7484190000000001,
  "cutime": 0.0,
  "cstime": 0.0,
  "minor_words": 93794647.0,
  "promoted_words": 9079331.0,
  "major_words": 12711204.0,
  "minor_collections": 116,
  "major_collections": 9,
  "compactions": 1,
  "top_heap_words": 10468352
}