{
  "rtime": 3.1199281215667725,
  "utime": 2.069191,
  "stime": 0.758803,
  "cutime": 0.0,
  "cstime": 0.0,
  "minor_words": 94089330.0,
  "promoted_words": 9079657.0,
  "major_words": 12711764.0,
  "minor_collections": 118,
  "major_collections": 10,
  "compactions": 1,
  "top_heap_words": 10468352
}