{
  "rtime": 2.719886064529419,
  "utime": 1.8230300000000002,
  "stime": 0.595931,
  "cutime": 0.0,
  "cstime": 0.0,
  "minor_words": 98377545.0,
  "promoted_words": 9555653.0,
  "major_words": 10676629.0,
  "minor_collections": 119,
  "major_collections": 8,
  "compactions": 0,
  "top_heap_words": 9278464
}