{
  "rtime": 3.117845058441162,
  "utime": 2.06862,
  "stime": 0.757557,
  "cutime": 0.0,
  "cstime": 0.0,
  "minor_words": 94047727.0,
  "promoted_words": 9079657.0,
  "major_words": 12711731.0,
  "minor_collections": 118,
  "major_collections": 10,
  "compactions": 1,
  "top_heap_words": 10468352
}