{
  "rtime": 3.096886157989502,
  "utime": 2.0626990000000003,
  "stime": 0.747545,
  "cutime": 0.0,
  "cstime": 0.0,
  "minor_words": 93764316.0,
  "promoted_words": 9079331.0,
  "major_words": 12711180.0,
  "minor_collections": 116,
  "major_collections": 9,
  "compactions": 1,
  "top_heap_words": 10468352
}