{
  "rtime": 3.121711015701294,
  "utime": 2.0696600000000003,
  "stime": 0.760001,
  "cutime": 0.0,
  "cstime": 0.0,
  "minor_words": 94134773.0,
  "promoted_words": 9079657.0,
  "major_words": 12711800.0,
  "minor_collections": 118,
  "major_collections": 10,
  "compactions": 1,
  "top_heap_words": 10468352
}