{
  "rtime": 3.1024560928344727,
  "utime": 2.065433,
  "stime": 0.750187,
  "cutime": 0.0,
  "cstime": 0.0,
  "minor_words": 93847464.0,
  "promoted_words": 9079530.0,
  "major_words": 12711445.0,
  "minor_collections": 117,
  "major_collections": 9,
  "compactions": 1,
  "top_heap_words": 10468352
}