{
  "rtime": 2.697550058364868,
  "utime": 1.816909,
  "stime": 0.5830689999999999,
  "cutime": 0.0,
  "cstime": 0.0,
  "minor_words": 98021370.0,
  "promoted_words": 9554674.0,
  "major_words": 10675368.0,
  "minor_collections": 118,
  "major_collections": 8,
  "compactions": 0,
  "top_heap_words": 9278464
}