{
  "rtime": 3.0935561656951904,
  "utime": 2.061856,
  "stime": 0.74536,
  "cutime": 0.0,
  "cstime": 0.0,
  "minor_words": 93707553.0,
  "promoted_words": 9079331.0,
  "major_words": 12711135.0,
  "minor_collections": 116,
  "major_collections": 9,
  "compactions": 1,
  "top_heap_words": 10468352
}