{
  "rtime": 0.4665520191192627,
  "utime": 0.207087,
  "stime": 0.019832,
  "cutime": 0.0,
  "cstime": 0.0,
  "minor_words": 35488351.0,
  "promoted_words": 634271.0,
  "major_words": 1454754.0,
  "minor_collections": 34,
  "major_collections": 2,
  "compactions": 0,
  "top_heap_words": 1712640
}