{
  "rtime": 0.20886492729187012,
  "utime": 0.085012,
  "stime": 0.015635,
  "cutime": 0.0,
  "cstime": 0.0,
  "minor_words": 13418109.0,
  "promoted_words": 391249.0,
  "major_words": 1216402.0,
  "minor_collections": 13,
  "major_collections": 1,
  "compactions": 0,
  "top_heap_words": 1712640
}