{
  "rtime": 0.013898134231567383,
  "utime": 0.010581,
  "stime": 0.0023599999999999997,
  "cutime": 0.0,
  "cstime": 0.0,
  "minor_words": 249241.0,
  "promoted_words": 4464.0,
  "major_words": 49153.0,
  "minor_collections": 1,
  "major_collections": 0,
  "compactions": 0,
  "top_heap_words": 491520
}