{
  "rtime": 0.057127952575683594,
  "utime": 0.04199,
  "stime": 0.013698000000000002,
  "cutime": 0.0,
  "cstime": 0.0,
  "minor_words": 3685768.0,
  "promoted_words": 148112.0,
  "major_words": 879343.0,
  "minor_collections": 4,
  "major_collections": 1,
  "compactions": 0,
  "top_heap_words": 1712640
}