{
  "rtime": 2.615320920944214,
  "utime": 1.516484,
  "stime": 0.06381100000000001,
  "cutime": 0.0,
  "cstime": 0.0,
  "minor_words": 278435275.0,
  "promoted_words": 5265749.0,
  "major_words": 6430263.0,
  "minor_collections": 266,
  "major_collections": 7,
  "compactions": 0,
  "top_heap_words": 3963392
}