{
  "rtime": 0.013707876205444336,
  "utime": 0.010886,
  "stime": 0.002283,
  "cutime": 0.0,
  "cstime": 0.0,
  "minor_words": 254474.0,
  "promoted_words": 4464.0,
  "major_words": 62920.0,
  "minor_collections": 1,
  "major_collections": 0,
  "compactions": 0,
  "top_heap_words": 491520
}