{
  "rtime": 0.07904791831970215,
  "utime": 0.043778000000000004,
  "stime": 0.015197,
  "cutime": 0.0,
  "cstime": 0.0,
  "minor_words": 4084083.0,
  "promoted_words": 162803.0,
  "major_words": 924510.0,
  "minor_collections": 4,
  "major_collections": 1,
  "compactions": 0,
  "top_heap_words": 1712640
}