{
  "rtime": 0.7082211971282959,
  "utime": 0.229928,
  "stime": 0.027156,
  "cutime": 0.0,
  "cstime": 0.0,
  "minor_words": 39979055.0,
  "promoted_words": 616976.0,
  "major_words": 1435513.0,
  "minor_collections": 39,
  "major_collections": 2,
  "compactions": 0,
  "top_heap_words": 1712640
}