{
  "rtime": 0.0254671573638916,
  "utime": 0.015699,
  "stime": 0.008800000000000001,
  "cutime": 0.0,
  "cstime": 0.0,
  "minor_words": 573862.0,
  "promoted_words": 4464.0,
  "major_words": 690667.0,
  "minor_collections": 1,
  "major_collections": 0,
  "compactions": 0,
  "top_heap_words": 1712640
}