{
  "rtime": 0.05658102035522461,
  "utime": 0.030011,
  "stime": 0.017288,
  "cutime": 0.0,
  "cstime": 0.0,
  "minor_words": 1464284.0,
  "promoted_words": 143327.0,
  "major_words": 893044.0,
  "minor_collections": 2,
  "major_collections": 1,
  "compactions": 0,
  "top_heap_words": 1712640
}