{
  "rtime": 0.07309699058532715,
  "utime": 0.056244999999999996,
  "stime": 0.014001000000000001,
  "cutime": 0.0,
  "cstime": 0.0,
  "minor_words": 6234701.0,
  "promoted_words": 179701.0,
  "major_words": 933207.0,
  "minor_collections": 6,
  "major_collections": 1,
  "compactions": 0,
  "top_heap_words": 1712640
}