{
  "rtime": 0.01672196388244629,
  "utime": 0.010408,
  "stime": 0.002136,
  "cutime": 0.0,
  "cstime": 0.0,
  "minor_words": 247591.0,
  "promoted_words": 4464.0,
  "major_words": 38291.0,
  "minor_collections": 1,
  "major_collections": 0,
  "compactions": 0,
  "top_heap_words": 491520
}