{
  "rtime": 0.10060906410217285,
  "utime": 0.051762,
  "stime": 0.01623,
  "cutime": 0.0,
  "cstime": 0.0,
  "minor_words": 4965029.0,
  "promoted_words": 164596.0,
  "major_words": 923328.0,
  "minor_collections": 5,
  "major_collections": 1,
  "compactions": 0,
  "top_heap_words": 1712640
}