{
  "rtime": 0.041021108627319336,
  "utime": 0.021173,
  "stime": 0.011525,
  "cutime": 0.0,
  "cstime": 0.0,
  "minor_words": 893664.0,
  "promoted_words": 4464.0,
  "major_words": 696201.0,
  "minor_collections": 1,
  "major_collections": 0,
  "compactions": 0,
  "top_heap_words": 1712640
}