{
  "rtime": 3.731146812438965,
  "utime": 1.556868,
  "stime": 0.09743599999999999,
  "cutime": 0.0,
  "cstime": 0.0,
  "minor_words": 289466325.0,
  "promoted_words": 2338584.0,
  "major_words": 3991398.0,
  "minor_collections": 277,
  "major_collections": 5,
  "compactions": 0,
  "top_heap_words": 2996736
}