{
  "rtime": 0.03620505332946777,
  "utime": 0.016801,
  "stime": 0.006928999999999999,
  "cutime": 0.0,
  "cstime": 0.0,
  "minor_words": 315715.0,
  "promoted_words": 4464.0,
  "major_words": 707560.0,
  "minor_collections": 1,
  "major_collections": 0,
  "compactions": 0,
  "top_heap_words": 1712640
}