{
  "rtime": 0.10457897186279297,
  "utime": 0.071087,
  "stime": 0.022477999999999998,
  "cutime": 0.0,
  "cstime": 0.0,
  "minor_words": 7835066.0,
  "promoted_words": 241944.0,
  "major_words": 1079775.0,
  "minor_collections": 8,
  "major_collections": 1,
  "compactions": 0,
  "top_heap_words": 1712640
}