{
  "rtime": 0.029148101806640625,
  "utime": 0.018281,
  "stime": 0.008780999999999999,
  "cutime": 0.0,
  "cstime": 0.0,
  "minor_words": 511289.0,
  "promoted_words": 4464.0,
  "major_words": 695251.0,
  "minor_collections": 1,
  "major_collections": 0,
  "compactions": 0,
  "top_heap_words": 1712640
}