{
  "rtime": 0.09086704254150391,
  "utime": 0.069148,
  "stime": 0.013219999999999999,
  "cutime": 0.0,
  "cstime": 0.0,
  "minor_words": 10371823.0,
  "promoted_words": 277829.0,
  "major_words": 1002309.0,
  "minor_collections": 10,
  "major_collections": 1,
  "compactions": 0,
  "top_heap_words": 1712640
}