{
  "rtime": 1.6181647777557373,
  "utime": 0.978186,
  "stime": 0.071077,
  "cutime": 0.0,
  "cstime": 0.0,
  "minor_words": 185523860.0,
  "promoted_words": 1456266.0,
  "major_words": 2722610.0,
  "minor_collections": 177,
  "major_collections": 4,
  "compactions": 0,
  "top_heap_words": 2605568
}