{
  "rtime": 0.01604294776916504,
  "utime": 0.011608,
  "stime": 0.0024499999999999995,
  "cutime": 0.0,
  "cstime": 0.0,
  "minor_words": 243759.0,
  "promoted_words": 4464.0,
  "major_words": 7556.0,
  "minor_collections": 1,
  "major_collections": 0,
  "compactions": 0,
  "top_heap_words": 491520
}