{
  "rtime": 0.12059903144836426,
  "utime": 0.09364599999999999,
  "stime": 0.015335999999999999,
  "cutime": 0.0,
  "cstime": 0.0,
  "minor_words": 13113829.0,
  "promoted_words": 239610.0,
  "major_words": 1043595.0,
  "minor_collections": 13,
  "major_collections": 1,
  "compactions": 0,
  "top_heap_words": 1712640
}