{
  "rtime": 0.025561094284057617,
  "utime": 0.017079,
  "stime": 0.007967,
  "cutime": 0.0,
  "cstime": 0.0,
  "minor_words": 315320.0,
  "promoted_words": 4464.0,
  "major_words": 688773.0,
  "minor_collections": 1,
  "major_collections": 0,
  "compactions": 0,
  "top_heap_words": 1712640
}