{
  "rtime": 0.01672196388244629,
  "utime": 0.012494,
  "stime": 0.0035340000000000002,
  "cutime": 0.0,
  "cstime": 0.0,
  "minor_words": 249395.0,
  "promoted_words": 4464.0,
  "major_words": 43289.0,
  "minor_collections": 1,
  "major_collections": 0,
  "compactions": 0,
  "top_heap_words": 491520
}