{
  "rtime": 0.14991283416748047,
  "utime": 0.06577999999999999,
  "stime": 0.01514,
  "cutime": 0.0,
  "cstime": 0.0,
  "minor_words": 7678372.0,
  "promoted_words": 188071.0,
  "major_words": 928144.0,
  "minor_collections": 8,
  "major_collections": 1,
  "compactions": 0,
  "top_heap_words": 1712640
}