{
  "rtime": 0.07355403900146484,
  "utime": 0.06023099999999999,
  "stime": 0.012842000000000003,
  "cutime": 0.0,
  "cstime": 0.0,
  "minor_words": 7388729.0,
  "promoted_words": 210845.0,
  "major_words": 902176.0,
  "minor_collections": 8,
  "major_collections": 1,
  "compactions": 0,
  "top_heap_words": 1712640
}