{
  "rtime": 0.02596902847290039,
  "utime": 0.016957,
  "stime": 0.007841000000000001,
  "cutime": 0.0,
  "cstime": 0.0,
  "minor_words": 385537.0,
  "promoted_words": 4464.0,
  "major_words": 702716.0,
  "minor_collections": 1,
  "major_collections": 0,
  "compactions": 0,
  "top_heap_words": 1712640
}