{
  "rtime": 0.01326298713684082,
  "utime": 0.010750000000000001,
  "stime": 0.002095,
  "cutime": 0.0,
  "cstime": 0.0,
  "minor_words": 243779.0,
  "promoted_words": 4464.0,
  "major_words": 7556.0,
  "minor_collections": 1,
  "major_collections": 0,
  "compactions": 0,
  "top_heap_words": 491520
}