{
  "rtime": 0.7126719951629639,
  "utime": 0.258406,
  "stime": 0.023364999999999997,
  "cutime": 0.0,
  "cstime": 0.0,
  "minor_words": 46880654.0,
  "promoted_words": 1401715.0,
  "major_words": 2180096.0,
  "minor_collections": 45,
  "major_collections": 3,
  "compactions": 0,
  "top_heap_words": 1969664
}