{
  "rtime": 0.07775211334228516,
  "utime": 0.01478,
  "stime": 0.051983,
  "cutime": 0.0,
  "cstime": 0.0,
  "minor_words": 357343.0,
  "promoted_words": 4464.0,
  "major_words": 8072.0,
  "minor_collections": 1,
  "major_collections": 0,
  "compactions": 0,
  "top_heap_words": 491520
}