{
  "rtime": 0.013392925262451172,
  "utime": 0.0109,
  "stime": 0.002082,
  "cutime": 0.0,
  "cstime": 0.0,
  "minor_words": 243777.0,
  "promoted_words": 4464.0,
  "major_words": 7556.0,
  "minor_collections": 1,
  "major_collections": 0,
  "compactions": 0,
  "top_heap_words": 491520
}