{
  "rtime": 0.013384819030761719,
  "utime": 0.010777000000000002,
  "stime": 0.001689,
  "cutime": 0.0,
  "cstime": 0.0,
  "minor_words": 243793.0,
  "promoted_words": 4464.0,
  "major_words": 7556.0,
  "minor_collections": 1,
  "major_collections": 0,
  "compactions": 0,
  "top_heap_words": 491520
}