{
  "rtime": 0.07949995994567871,
  "utime": 0.060621999999999995,
  "stime": 0.015229999999999999,
  "cutime": 0.0,
  "cstime": 0.0,
  "minor_words": 6851138.0,
  "promoted_words": 171896.0,
  "major_words": 932984.0,
  "minor_collections": 7,
  "major_collections": 1,
  "compactions": 0,
  "top_heap_words": 1712640
}