{
  "rtime": 1.7709310054779053,
  "utime": 0.9150969999999999,
  "stime": 0.053982,
  "cutime": 0.0,
  "cstime": 0.0,
  "minor_words": 183860405.0,
  "promoted_words": 1286792.0,
  "major_words": 2680332.0,
  "minor_collections": 177,
  "major_collections": 2,
  "compactions": 0,
  "top_heap_words": 2717696
}