{
  "rtime": 0.42457103729248047,
  "utime": 0.284226,
  "stime": 0.022305,
  "cutime": 0.0,
  "cstime": 0.0,
  "minor_words": 46928048.0,
  "promoted_words": 448807.0,
  "major_words": 1219319.0,
  "minor_collections": 45,
  "major_collections": 1,
  "compactions": 0,
  "top_heap_words": 1712640
}