{
  "rtime": 0.0466611385345459,
  "utime": 0.030270999999999996,
  "stime": 0.013399,
  "cutime": 0.0,
  "cstime": 0.0,
  "minor_words": 465814.0,
  "promoted_words": 134776.0,
  "major_words": 1639537.0,
  "minor_collections": 2,
  "major_collections": 1,
  "compactions": 0,
  "top_heap_words": 2136576
}