{
  "rtime": 0.03814983367919922,
  "utime": 0.02302,
  "stime": 0.014021,
  "cutime": 0.0,
  "cstime": 0.0,
  "minor_words": 992595.0,
  "promoted_words": 4464.0,
  "major_words": 740601.0,
  "minor_collections": 1,
  "major_collections": 0,
  "compactions": 0,
  "top_heap_words": 1712640
}