{
  "rtime": 0.012669086456298828,
  "utime": 0.01015,
  "stime": 0.0018570000000000006,
  "cutime": 0.0,
  "cstime": 0.0,
  "minor_words": 244509.0,
  "promoted_words": 4464.0,
  "major_words": 8425.0,
  "minor_collections": 1,
  "major_collections": 0,
  "compactions": 0,
  "top_heap_words": 491520
}