{
  "rtime": 0.013952016830444336,
  "utime": 0.010694,
  "stime": 0.002664,
  "cutime": 0.0,
  "cstime": 0.0,
  "minor_words": 253466.0,
  "promoted_words": 4464.0,
  "major_words": 61064.0,
  "minor_collections": 1,
  "major_collections": 0,
  "compactions": 0,
  "top_heap_words": 491520
}