{
  "rtime": 0.012953996658325195,
  "utime": 0.010021,
  "stime": 0.0019720000000000002,
  "cutime": 0.0,
  "cstime": 0.0,
  "minor_words": 243775.0,
  "promoted_words": 4464.0,
  "major_words": 7556.0,
  "minor_collections": 1,
  "major_collections": 0,
  "compactions": 0,
  "top_heap_words": 491520
}