{
  "rtime": 0.01579594612121582,
  "utime": 0.012107,
  "stime": 0.0032220000000000005,
  "cutime": 0.0,
  "cstime": 0.0,
  "minor_words": 250328.0,
  "promoted_words": 4464.0,
  "major_words": 143740.0,
  "minor_collections": 1,
  "major_collections": 0,
  "compactions": 0,
  "top_heap_words": 491520
}