{
  "rtime": 0.8282570838928223,
  "utime": 0.21480200000000002,
  "stime": 0.026412,
  "cutime": 0.0,
  "cstime": 0.0,
  "minor_words": 40207764.0,
  "promoted_words": 1000941.0,
  "major_words": 1970267.0,
  "minor_collections": 39,
  "major_collections": 3,
  "compactions": 0,
  "top_heap_words": 1712640
}