{
  "rtime": 0.012690067291259766,
  "utime": 0.010548000000000002,
  "stime": 0.0017959999999999999,
  "cutime": 0.0,
  "cstime": 0.0,
  "minor_words": 247544.0,
  "promoted_words": 4464.0,
  "major_words": 19593.0,
  "minor_collections": 1,
  "major_collections": 0,
  "compactions": 0,
  "top_heap_words": 491520
}