{
  "rtime": 0.19068193435668945,
  "utime": 0.080439,
  "stime": 0.016805999999999998,
  "cutime": 0.0,
  "cstime": 0.0,
  "minor_words": 10584626.0,
  "promoted_words": 253682.0,
  "major_words": 1022077.0,
  "minor_collections": 11,
  "major_collections": 1,
  "compactions": 0,
  "top_heap_words": 1712640
}