{
  "rtime": 0.012849807739257812,
  "utime": 0.010759,
  "stime": 0.0017560000000000002,
  "cutime": 0.0,
  "cstime": 0.0,
  "minor_words": 243764.0,
  "promoted_words": 4464.0,
  "major_words": 7556.0,
  "minor_collections": 1,
  "major_collections": 0,
  "compactions": 0,
  "top_heap_words": 491520
}