{
  "rtime": 0.02581501007080078,
  "utime": 0.016304,
  "stime": 0.008383,
  "cutime": 0.0,
  "cstime": 0.0,
  "minor_words": 454628.0,
  "promoted_words": 4464.0,
  "major_words": 689015.0,
  "minor_collections": 1,
  "major_collections": 0,
  "compactions": 0,
  "top_heap_words": 1712640
}