{
  "rtime": 0.07755804061889648,
  "utime": 0.056402,
  "stime": 0.016948,
  "cutime": 0.0,
  "cstime": 0.0,
  "minor_words": 5689485.0,
  "promoted_words": 162599.0,
  "major_words": 884177.0,
  "minor_collections": 6,
  "major_collections": 1,
  "compactions": 0,
  "top_heap_words": 1712640
}